caption,rating,url_user
"3 words: Oh my God! Beautiful view, prices are correct. Excellent food and cocktails...now one of my favorite rooftop.",5,https://www.google.com/maps/contrib/109149010853460820548/reviews?hl=en-LU
"A beautiful bar set with an incredible panoramic views across London. Service is great! Evelina was so lovely and recommended us the best drinks. Menu is great, prices are not that bad!",5,https://www.google.com/maps/contrib/110623090895330455653/reviews?hl=en-LU
"A fun spot for drinks with a view. The cocktails are really nice, though service is quite slow. Definitely go at least once for the experience! The sunset is stunning.",4,https://www.google.com/maps/contrib/103436998164707056291/reviews?hl=en-LU
A Great Evening Out !,5,https://www.google.com/maps/contrib/117568786905569548628/reviews?hl=en-LU
"A great place for an amazing dining experience! Highly recommended.  ...Breakfast, on the other hand, was too expensive for what it was.",5,https://www.google.com/maps/contrib/116673732718743718728/reviews?hl=en-LU
A great view and a great place for a relaxing drink. Recommended!,5,https://www.google.com/maps/contrib/114264161674492438771/reviews?hl=en-LU
"A great view over Canary Wharf and East London, Staff were friendly helpful & polite.",5,https://www.google.com/maps/contrib/110353625533333842388/reviews?hl=en-LU
A high-end bar and resto at the top of the Novotel hotel in Canary Wharf. Food and service were excellent and the view isn't bad either!,5,https://www.google.com/maps/contrib/102494278355645857062/reviews?hl=en-LU
"A perfect restaurant, cocktail & Bar to have  a fantastic drink or dinner in London sky (37-39 floors) looking to Central City. Totally recommended and balanced price&quality. Canary Wharf views as well, very well communicated and nice facilities.",5,https://www.google.com/maps/contrib/112039329979808876640/reviews?hl=en-LU
A rooftop bar with one of the best views of the London Skyline. Really good vibes and the staff are always willing to do anything to make your stay with them as comfortable as possible. I like the music there as well without is a blend of pop and techno. The only downside is there is limited parking in the area around the side streets.,5,https://www.google.com/maps/contrib/117080739278237972249/reviews?hl=en-LU
A very good rooftop bar with very decent prices.,5,https://www.google.com/maps/contrib/106167884830202489838/reviews?hl=en-LU
‚Ä¢ Contemporary Bar ‚Ä¢ Awesome Views ‚Ä¢ Must Visit ‚Ä¢  Great view from B≈çkan 38 bar of the ALL NEW ‚ÄòHarbour Central‚Äô x7 tower development on the south east view.  Awesome place to have working lunches as we were with our clients from Galliard ‚Ä¶,5,https://www.google.com/maps/contrib/101299286204854571799/reviews?hl=en-LU
"Absolutely exceeded our expectations. The staff were all wonderful and seemed genuinely happy to work there. The food, drinks, ambience, and of course the view were all fantastic. We really couldn't fault it and can't wait to go back. The view is just brilliant and takes in the whole city, even in the bathrooms!",5,https://www.google.com/maps/contrib/115135605816551152534/reviews?hl=en-LU
Absolutely love Bokan and the view!,4,https://www.google.com/maps/contrib/113140542453845199188/reviews?hl=en-LU
"Absolutely stunning view. Worth visiting just for that alone. Furthermore, the place was quite upscale and the wait time was adequate. I would recommend a reservation for one of these tables with the best view!",5,https://www.google.com/maps/contrib/106066428896298811028/reviews?hl=en-LU
Absolutely terrible and unfriendly Service at the Bokan. Reserved weeks in advance for my birthday dinner and as it was in the middle of summer and 34 degrees our entire party was not let in because I was wearing sandals in the 34 degree ‚Ä¶,1,https://www.google.com/maps/contrib/107541251751010554489/reviews?hl=en-LU
After the lovely reviews and some research I visited Bokan Bar with my wife and her parents for NYE. I must say that the staff absolutely ruined the experience.  There was a private section reserved for staff and presumably VIP guests on ‚Ä¶,1,https://www.google.com/maps/contrib/117683215376479425305/reviews?hl=en-LU
"Always a nice place to enjoy a drink with a breathtaking view. The staff is top notch, the place isn't usually crazy busy. Perfectly located so you don't have much buildings hidding the view. And the best part: drinks aren't overpriced like in many rooftop places. Definitely a place to go (and to take a date).",5,https://www.google.com/maps/contrib/105339562287886490802/reviews?hl=en-LU
Always having a good service and the best view ‚ô•Ô∏è,5,https://www.google.com/maps/contrib/111196529524574784290/reviews?hl=en-LU
Always stunning view and excellent service,5,https://www.google.com/maps/contrib/111690712240181537661/reviews?hl=en-LU
Amazing atmosphere free band,5,https://www.google.com/maps/contrib/105822581792195617024/reviews?hl=en-LU
Amazing atmosphere! Great view!,5,https://www.google.com/maps/contrib/102482658675748222536/reviews?hl=en-LU
"Amazing experience, fantastic food, great service and the best view",5,https://www.google.com/maps/contrib/102467932523724706807/reviews?hl=en-LU
"Amazing food, ambience and London view",5,https://www.google.com/maps/contrib/107481047757039329125/reviews?hl=en-LU
Amazing hotel üëå,5,https://www.google.com/maps/contrib/106914345867442028638/reviews?hl=en-LU
"Amazing location with an outdoor roof top terrasse, good selection of drinks but food is so so.",4,https://www.google.com/maps/contrib/112175705186630102418/reviews?hl=en-LU
Amazing location. Pity they feel the need to put a service charge on a drink served at the bar that's already overpriced.,2,https://www.google.com/maps/contrib/109394231049937108013/reviews?hl=en-LU
"Amazing night view for Canary Wharf area. Really romantic view near the window. A nice bar to Enjoy drink with friends and colleagues after work. While you might wait for a bit for your drink, just enjoy the time talking with your friends sharing all the joy of he day.",5,https://www.google.com/maps/contrib/111680677080007800418/reviews?hl=en-LU
Amazing place,5,https://www.google.com/maps/contrib/117483479096924731461/reviews?hl=en-LU
Amazing place and wonderful view of London!,5,https://www.google.com/maps/contrib/104541855096792315281/reviews?hl=en-LU
Amazing place with stunning views,5,https://www.google.com/maps/contrib/114956843452107474249/reviews?hl=en-LU
"Amazing place, very good wine, stunning view, great atmosphere and price not so high for the level of the place",5,https://www.google.com/maps/contrib/106479478893194893906/reviews?hl=en-LU
Amazing place.  Lovely coktails and beautiful view.,5,https://www.google.com/maps/contrib/106857944184993543826/reviews?hl=en-LU
Amazing rooftop. Def worth it,5,https://www.google.com/maps/contrib/118439729009901215242/reviews?hl=en-LU
Amazing terrace,5,https://www.google.com/maps/contrib/108336265006281430781/reviews?hl=en-LU
Amazing view,5,https://www.google.com/maps/contrib/112985847533526597695/reviews?hl=en-LU
Amazing view,5,https://www.google.com/maps/contrib/114541424337300787187/reviews?hl=en-LU
"Amazing view and amazing place. Quite and lovely. I definitely recommend it. Also, it is easy to go there and nobody will say something even if you go for to enjoy. But of course, you can order something and enjoy your coffee or drink close to the sky. )",5,https://www.google.com/maps/contrib/116607999189609020554/reviews?hl=en-LU
Amazing view and interior design! Recommend!,5,https://www.google.com/maps/contrib/117610725892852380186/reviews?hl=en-LU
Amazing view and nice cocktails. They also have live music on some nights.,5,https://www.google.com/maps/contrib/106122201198500849728/reviews?hl=en-LU
"Amazing view from the top, be sure to be up there by sunset and look towards the city! Even by night it's amazing.",5,https://www.google.com/maps/contrib/101042210447823844718/reviews?hl=en-LU
Amazing view of London and great atmosphere,5,https://www.google.com/maps/contrib/117130150410261813730/reviews?hl=en-LU
Amazing view on London downtown from 39 floor,5,https://www.google.com/maps/contrib/110903434075442780822/reviews?hl=en-LU
Amazing view! A different view!  If you visit London you have not to miss this place! I will visit you again ‚ò∫Ô∏è‚ò∫Ô∏è,5,https://www.google.com/maps/contrib/116039934312834029421/reviews?hl=en-LU
"Amazing view, just a bit overpriced",4,https://www.google.com/maps/contrib/111755835244110870573/reviews?hl=en-LU
"Amazing view, nice cocktails",5,https://www.google.com/maps/contrib/111719148788711725708/reviews?hl=en-LU
"Amazing view, nice place ,good staff",5,https://www.google.com/maps/contrib/115779418597947338884/reviews?hl=en-LU
"Amazing view, service and wine!",5,https://www.google.com/maps/contrib/104192066264437594777/reviews?hl=en-LU
Amazing views,5,https://www.google.com/maps/contrib/117040291996115770725/reviews?hl=en-LU
Amazing views,5,https://www.google.com/maps/contrib/100415690473556247175/reviews?hl=en-LU
Amazing Views,5,https://www.google.com/maps/contrib/110458974415460569418/reviews?hl=en-LU
Amazing views and extensive drinks menu. Quite expensive but it's a nice place so I wasn't complaining. Will go back for food soon.,4,https://www.google.com/maps/contrib/104422548162194559616/reviews?hl=en-LU
Amazing views and fantastic atmosphere.  Food was good but didn't quite live up to my expectations,4,https://www.google.com/maps/contrib/104908758436974768744/reviews?hl=en-LU
Amazing views and good food!,4,https://www.google.com/maps/contrib/104716636362758952890/reviews?hl=en-LU
"Amazing views and good, friendly service.",5,https://www.google.com/maps/contrib/101306378215120925626/reviews?hl=en-LU
Amazing views and reasanable prices,5,https://www.google.com/maps/contrib/101252991531115638834/reviews?hl=en-LU
Amazing views but food and service was very poor. Pop in here for drinks but definitely not food!,2,https://www.google.com/maps/contrib/105887897339661120072/reviews?hl=en-LU
Amazing views but over priced,3,https://www.google.com/maps/contrib/101397383189327469178/reviews?hl=en-LU
"Amazing views of London and Canary Wharf. The staff in Bokan Restaurant were lovely,nothing too much trouble ,the food was excellent.",5,https://www.google.com/maps/contrib/110770699480523995173/reviews?hl=en-LU
Amazing views of London and fabulous selection of drinks and food,5,https://www.google.com/maps/contrib/114781501205231209209/reviews?hl=en-LU
Amazing views of London and fun coctails,5,https://www.google.com/maps/contrib/110282956645927574802/reviews?hl=en-LU
Amazing views of London City. Cocktails and stuff. We just had drinks so can't comment on the food. I'd imagine the view is good enough to make anything taste nice.,5,https://www.google.com/maps/contrib/101164850450234021781/reviews?hl=en-LU
"Amazing views of London from the 39th floor, drinks prices are also high",4,https://www.google.com/maps/contrib/111012662765774448440/reviews?hl=en-LU
Amazing views over Canary Wharf and the rest of the city. Very good service and curated cocktails. I didn't try the restaurant but the drunk session it's worth the money.,5,https://www.google.com/maps/contrib/104715810722823717748/reviews?hl=en-LU
"Amazing views! The restaurant is designed to ensure that the tables are not too close to one another and ours had a perfect view. The menu has got delicious dishes. We had the fois gras, Welsh hen's egg, pigeon, lamb. The cocktails are good ‚Ä¶",5,https://www.google.com/maps/contrib/109076548124733092012/reviews?hl=en-LU
Amazing views!!!!,5,https://www.google.com/maps/contrib/105330238276282265098/reviews?hl=en-LU
"Amazing views, a bit pricey but to be expected for such a place, very nice",5,https://www.google.com/maps/contrib/113060618178652337099/reviews?hl=en-LU
"Amazing views, beautiful place however the lights could have been better designed (had a spot light on my face for the whole night), drinks are overpriced. Live music is really good and makes a difference and the terrace is the best part!",4,https://www.google.com/maps/contrib/114207587658548893301/reviews?hl=en-LU
"Amazing views, good food and service. Love going there .",5,https://www.google.com/maps/contrib/103773312368271275037/reviews?hl=en-LU
"Amazing views, great surroundings but the experience was sadly marred by very poor service.",2,https://www.google.com/maps/contrib/101317461383386009839/reviews?hl=en-LU
"Amazing views, nice music, good drinks, loved it",5,https://www.google.com/maps/contrib/107387109692614354817/reviews?hl=en-LU
"Amazing views, tasty drinks and bites",4,https://www.google.com/maps/contrib/105489482577118092989/reviews?hl=en-LU
"Amazing views, top place to share a wine with someone special.",5,https://www.google.com/maps/contrib/116941193762675134648/reviews?hl=en-LU
Amazing!!!,5,https://www.google.com/maps/contrib/113883135440701041963/reviews?hl=en-LU
An absolute gem.,5,https://www.google.com/maps/contrib/110172973469380408730/reviews?hl=en-LU
An amazing weekend brunch menu with a bottomless prosecco option. Food options are varied and all delicious. Among mains the bouillabaisse is especially good and for desert the chocolate mousse is the most delicious option. The view is ‚Ä¶,5,https://www.google.com/maps/contrib/117008079817501610010/reviews?hl=en-LU
Ate here on the Sunday 10th March for my 36th birthday celebration. We had the brunch set menu. There was 8 of us that dined together. The food and service was actually quite good - the waiter made a massive effort to be very accommodating ‚Ä¶,1,https://www.google.com/maps/contrib/106578123953273934360/reviews?hl=en-LU
Awesome experienced,5,https://www.google.com/maps/contrib/102458822051681872538/reviews?hl=en-LU
Awesome view,5,https://www.google.com/maps/contrib/109367438254127204780/reviews?hl=en-LU
Awesome view and wine...,5,https://www.google.com/maps/contrib/116224110553967649031/reviews?hl=en-LU
"Awesome views, friendly staff, highly recommended!",5,https://www.google.com/maps/contrib/111340704787661496491/reviews?hl=en-LU
"Awesome views, great staff and excellent live music on Saturday night !",5,https://www.google.com/maps/contrib/100369200733964294915/reviews?hl=en-LU
Awesome!!!,5,https://www.google.com/maps/contrib/114830842984950196407/reviews?hl=en-LU
Awsome view over London,5,https://www.google.com/maps/contrib/112816354415627767777/reviews?hl=en-LU
Banging bar /restaurant with amazing views. The terrace is amazing when weather allows it.,5,https://www.google.com/maps/contrib/102100572826831020565/reviews?hl=en-LU
"Beautiful bar with the most incredible view. Two floors of luxury wood and brass paneled cozy spaces, with lush views of the city, and then a terrace and smoking area upstairs. Great drink selection, a few non alcoholic cocktails, and overall a charming hotel that it is inside of!",5,https://www.google.com/maps/contrib/101452821390451001902/reviews?hl=en-LU
Beautiful cocktail bar.,5,https://www.google.com/maps/contrib/111608925887095830898/reviews?hl=en-LU
Beautiful place with an amazing view of London. Breakfast are delecious ! 5 stars !,5,https://www.google.com/maps/contrib/112177128907233403253/reviews?hl=en-LU
"Beautiful place, nice drinks, great people. Best thing is you don't have to book just to have a drink. Smoking at the rooftop was a good facility.",5,https://www.google.com/maps/contrib/101586845824272177315/reviews?hl=en-LU
"Beautiful restaurant with friendly, welcoming and attentive staff. Food was second to none and the views of London City where simply stunning. Will definitely be returning on my next visit. Novotel Hotel was everything we could have asked for.",5,https://www.google.com/maps/contrib/106678295708964590604/reviews?hl=en-LU
Beautiful spot for a drink. Didn't have the time to have a bite to eat but would love to come back again sometime.  Amazing views and attentive staff,5,https://www.google.com/maps/contrib/111344600956381623978/reviews?hl=en-LU
Beautiful view and really tasty food.,5,https://www.google.com/maps/contrib/101284426049084295969/reviews?hl=en-LU
Beautiful views and cocktails were great! Also loved that it was not too crowded.,5,https://www.google.com/maps/contrib/111813422250484838130/reviews?hl=en-LU
"Beautiful views and top class food. Thanks to the chef from Dubai, his food was great.",5,https://www.google.com/maps/contrib/114762239783930762118/reviews?hl=en-LU
"Beautiful views from a hidden gem of the city!!! Great staff,really polite and bubbly! A must visit of the East side of town",5,https://www.google.com/maps/contrib/116780786871794722472/reviews?hl=en-LU
"Beautiful views, love the view especially from the rooftop. Drinks were a little pricey but still worth it.",5,https://www.google.com/maps/contrib/106057097107638798934/reviews?hl=en-LU
Beautiful!,5,https://www.google.com/maps/contrib/105740334675847339798/reviews?hl=en-LU
Best bar I ever was. The waitress are very very polite and funny. The view is absolutely beautiful.,5,https://www.google.com/maps/contrib/102871652096871736443/reviews?hl=en-LU
Best drinks and best views of London!,5,https://www.google.com/maps/contrib/113595729748068676049/reviews?hl=en-LU
"Best view of London, day or night!",5,https://www.google.com/maps/contrib/104880633073549095163/reviews?hl=en-LU
Best view over London.,5,https://www.google.com/maps/contrib/106053137940486151330/reviews?hl=en-LU
Better than average selection of Scotch and Vodka.  Friendly bartenders and a terrific view of the city.,5,https://www.google.com/maps/contrib/113929108706057593788/reviews?hl=en-LU
"Bokan bar is by far the best bar in a Canary Wharf, from the minute you step into the bar on the 38th floor, you are greeted with a smile, friendliness and care. Drinks and food are great and if you are lucky enough you get to meet the star ‚Ä¶",5,https://www.google.com/maps/contrib/104564967820784169140/reviews?hl=en-LU
"Bokan is a 3 level rooftop bar, with a view over whole London, from the City. The atmosphere is relaxed and cheerful, there is live music and friendly service. The prices are very reasonable and it is just a perfect start for a Friday ‚Ä¶",5,https://www.google.com/maps/contrib/100844228540353662864/reviews?hl=en-LU
"Bokan is a 3 level rooftop bar, with a view over whole London, from the City. The atmosphere is relaxed and cheerful, there is live music and friendly service. The prices are very reasonable and it is just a perfect start for a Friday ‚Ä¶",5,https://www.google.com/maps/contrib/117524713439092820956/reviews?hl=en-LU
Bokan served amazing food as always!,5,https://www.google.com/maps/contrib/113978400784012571979/reviews?hl=en-LU
"Bokan spreads over three floors: the restaurant on the 37th, the bar on the 38th and the roof terrace on the 39th. The vibe is great and drinks and food are very good. However, the best part is the breathtaking view of London and Canary Wharf.",5,https://www.google.com/maps/contrib/100812516456784852051/reviews?hl=en-LU
Breakfast with a view. Fab hotel restaurant and bar with great views of London and perfect location in Canary wharf. Good knowledgeable staff very friendly and music gave a nice atmosphere to enjoy a weekend break away,4,https://www.google.com/maps/contrib/115662456611795118437/reviews?hl=en-LU
Breath taking views,5,https://www.google.com/maps/contrib/106308840058806305151/reviews?hl=en-LU
"Breathtaking rooftop bar - following several rooftop hotel bars in Miami FL (USA), I found this location in London, and it really did impress. Perched on top of the Novotel on the 39th floor, this location offers incredible views of London, ‚Ä¶",5,https://www.google.com/maps/contrib/102834472655624502813/reviews?hl=en-LU
"Brilliant place with fantastic views, great service and prices which are not too high!",5,https://www.google.com/maps/contrib/113422201555640350445/reviews?hl=en-LU
Brilliant views friendly staff,5,https://www.google.com/maps/contrib/102775265766722916492/reviews?hl=en-LU
"Brilliant views, nice and polite staff, good drinks selection, nice food options, convenient location",5,https://www.google.com/maps/contrib/107541310149750868607/reviews?hl=en-LU
Brilliant!,5,https://www.google.com/maps/contrib/108106581604339733054/reviews?hl=en-LU
Brilliantly appointed Hotel by Dockland light railway.Dini g is on 38th floor!,5,https://www.google.com/maps/contrib/109471461309231607332/reviews?hl=en-LU
"Brittiant views, lovely decor, well worth a visit",5,https://www.google.com/maps/contrib/106401537827094874497/reviews?hl=en-LU
Busy bar and restaurant. Served by personable staff,4,https://www.google.com/maps/contrib/114302554106308473924/reviews?hl=en-LU
Came here for brunch to celebrate my 30th birthday with friends. Tasty food and impeccable service. The bottomless brunch menu is also extremely good value for what you get. Would definitely recommend.,5,https://www.google.com/maps/contrib/112405685361097152240/reviews?hl=en-LU
Came here for the bottomless brunch and we had lovely meal Come in early at 12:30 stay til closing 14:30 Food was amazing!,5,https://www.google.com/maps/contrib/106858908421220149486/reviews?hl=en-LU
"Certainly the way to eat breakfast, looking out over London. Excellent selection of foods available with very friendly, courteous, efficient staff. Highly recommended, will definitely stay in this Novotel again when in London.",5,https://www.google.com/maps/contrib/112812844878308610862/reviews?hl=en-LU
Cocktail drinks as  before dinner drinks service very slow,3,https://www.google.com/maps/contrib/116820163984144886740/reviews?hl=en-LU
Cool bar but needs a better customer service.,4,https://www.google.com/maps/contrib/112283817812682395302/reviews?hl=en-LU
Cool Canary and river views,5,https://www.google.com/maps/contrib/111313598090017029844/reviews?hl=en-LU
Cool place üëç,5,https://www.google.com/maps/contrib/101817067298831816972/reviews?hl=en-LU
"Cool place, slow service. Quite expensive, as you'd imagine. Worth going for a drink, for the view alone",4,https://www.google.com/maps/contrib/102975361393823823345/reviews?hl=en-LU
Cool Place. Great view. Good drinks. And the restaurant is also good.,5,https://www.google.com/maps/contrib/101926516548680119133/reviews?hl=en-LU
"Day and night, it‚Äôs really nice view and atmosphere. It worth to visit.",4,https://www.google.com/maps/contrib/115758353666116275509/reviews?hl=en-LU
Definitely one of the best rooftop bar/ restaurants in London. Expansive views of London and Canary wharf and a really nicely done interior that pleasantly deviates from the steel abs glass look you usually get. Friendly and professional ‚Ä¶,5,https://www.google.com/maps/contrib/111624675902172124089/reviews?hl=en-LU
Delicious drinks with an amazing view.,5,https://www.google.com/maps/contrib/111031952916621433550/reviews?hl=en-LU
Delicious food but the portions were not enough,5,https://www.google.com/maps/contrib/105551140978502050916/reviews?hl=en-LU
Delicious main course & desert! Very creative and ok portions. Great view!,5,https://www.google.com/maps/contrib/105079199863075549796/reviews?hl=en-LU
"disgrace...Didnt get served. Place was empty, I was the only person waiting 10 minutes at the bar while the barman  washed the cocktail strainer. I asked him was he serving and he said yes in a tone and continued to wash dishes. So i left....",1,https://www.google.com/maps/contrib/111588380800434574838/reviews?hl=en-LU
Domenico is a star ! Best cocktails I‚Äôve had at Bokan In a long time.  Professional and caring customer service.  The guy is a natural!,5,https://www.google.com/maps/contrib/103430831955959987528/reviews?hl=en-LU
"Domenico it's a surprise guy great cocktail and good flavour,go for it",5,https://www.google.com/maps/contrib/101059265665048895532/reviews?hl=en-LU
"Don't expect a great cuisine! The food is average. The view, the band, the terrace, the atmosphere in general is fantastic!",4,https://www.google.com/maps/contrib/106646709052385482803/reviews?hl=en-LU
Dont really get seating are. But drinks are good,3,https://www.google.com/maps/contrib/115623543791015199828/reviews?hl=en-LU
Drinks were good and so was the view but the food requires significant improvement. Staff was polite.,2,https://www.google.com/maps/contrib/107518586146771799870/reviews?hl=en-LU
üëåüèªüëåüèªüëåüèª Wonderful,5,https://www.google.com/maps/contrib/117740715735479483609/reviews?hl=en-LU
Epic view! Questionable cocktails.,4,https://www.google.com/maps/contrib/100872763902964271371/reviews?hl=en-LU
Everything was great but the live music was too loud (which we didn't come for) and our table upstairs was not cleaned.,4,https://www.google.com/maps/contrib/108128923218627794845/reviews?hl=en-LU
"Excellent food, completely let down by the service. My partner and friend had 3 courses with wine. Every dish was a delight - well presented, sublime flavours. This is a huge shame as the whole experience was let down by service errors and ‚Ä¶",2,https://www.google.com/maps/contrib/114942082988079190813/reviews?hl=en-LU
Excellent rooftop,5,https://www.google.com/maps/contrib/113869177346710904913/reviews?hl=en-LU
Excellent service.  They could improve the taste of the food though,4,https://www.google.com/maps/contrib/101795294441484772601/reviews?hl=en-LU
"Excellent view, great kitchen. The staff may be a bit impatient taking drink orders however is this strange if there is just one drink menu for eight people on the table...the food really compensates this all. On Friday and Saturday nights, enjoy the live music in the bay and remember to enjoy the great views!",5,https://www.google.com/maps/contrib/106781518735762984290/reviews?hl=en-LU
Excellent views,4,https://www.google.com/maps/contrib/109123450539933030414/reviews?hl=en-LU
Excellent views! Ambient atmosphere! Professional personnel!!,5,https://www.google.com/maps/contrib/115146140615840792205/reviews?hl=en-LU
"Excellent views, nice vibe",4,https://www.google.com/maps/contrib/113921233459203523116/reviews?hl=en-LU
"Excellent views, not to be missed.",5,https://www.google.com/maps/contrib/110021664372876400762/reviews?hl=en-LU
Expensive but it's worth it for a special drink up at the roof terrace,5,https://www.google.com/maps/contrib/107261306893741078319/reviews?hl=en-LU
"Fab location, great 270¬∞ views. Good vibes. Equally good for singles & couples. Busy on dry nights.",4,https://www.google.com/maps/contrib/113912070062197774756/reviews?hl=en-LU
Fab place and not too pricey! Loved it,5,https://www.google.com/maps/contrib/106629205756656235866/reviews?hl=en-LU
"Fabulous lunch today with our wonderful friends from New Zealand. Tim duty manager really looked after us, so charming! The waitresses in bokan restaurant were lovely,  nothing was too much trouble, the food was excellent. Views over the city are fabulous. Thank you everyone, we will definitely be coming back again",5,https://www.google.com/maps/contrib/110996124870751735098/reviews?hl=en-LU
FABULOUS view of London . Food is fancy but didn't hit the spot for.me.,3,https://www.google.com/maps/contrib/110885457019023557939/reviews?hl=en-LU
"Fantastic bar, restaurant, views and service. Love it.",5,https://www.google.com/maps/contrib/107600600865269107950/reviews?hl=en-LU
"Fantastic place to visit even just for a drink. The views are fantastic, bar food and drink prices not outrageous. Can get very busy and noisy but well worth the visit if you are in the area.",4,https://www.google.com/maps/contrib/114889049695200566064/reviews?hl=en-LU
"Fantastic skyline views (especially at sunset), exquisite cocktail, superb service, in one of the most tasteful setting for a bar with a view. The mix of modern brass features is beautifully balanced with dark wood. Ps: best toilet view in London",5,https://www.google.com/maps/contrib/102121623656536682963/reviews?hl=en-LU
Fantastic view and amazing food!!,5,https://www.google.com/maps/contrib/106584781149736873838/reviews?hl=en-LU
Fantastic view and great fingerfood,5,https://www.google.com/maps/contrib/112793796101780900511/reviews?hl=en-LU
"Fantastic view for a romantic sunset, really really friendly staff, and outdoor warmers so we can appreciate the view on the rooftop and still be warm and cozy. the wine and food menu is awesome ‚≠ê‚≠ê‚≠ê‚≠ê‚≠ê",5,https://www.google.com/maps/contrib/103351685213753435626/reviews?hl=en-LU
"Fantastic view, great food. The staff are very attentive and the quality of the food is very high. Delicious and very well presented, it's pricey but good value.",5,https://www.google.com/maps/contrib/111759477173930348821/reviews?hl=en-LU
Fantastic views,5,https://www.google.com/maps/contrib/114657525634697110478/reviews?hl=en-LU
Fantastic views over Canary Wharf and the City.,4,https://www.google.com/maps/contrib/102567486919826871416/reviews?hl=en-LU
Fast and friendly bar service,5,https://www.google.com/maps/contrib/105725154610248604684/reviews?hl=en-LU
"Fast service, great cocktails and one of the best views of the city as you're not in amongst the buildings so you get to see Tower Bridge and the Wheel. Prices are high as you'd expect. Head for the roof terrace on 39.",5,https://www.google.com/maps/contrib/109074494820410942141/reviews?hl=en-LU
Faultless food. I could not believe it. A little gem of a surprise!!!,5,https://www.google.com/maps/contrib/111882077173363106056/reviews?hl=en-LU
"Favourite sky bar, great friendly staff. Amazing views of London & Canary Wharf. Dark Whale cocktail is out of this world!",5,https://www.google.com/maps/contrib/100644419986353361248/reviews?hl=en-LU
"favourite spot in London. I come here often as the view is amazing. Call them if you want to have a table by the window as it gets pretty busy at night, especially weekends.",5,https://www.google.com/maps/contrib/104745175553027073999/reviews?hl=en-LU
Food,3,https://www.google.com/maps/contrib/101508560865808249678/reviews?hl=en-LU
"Food and view was amazing, shame they took the lobster off the menu but was happy with the other options.",5,https://www.google.com/maps/contrib/110473376028600334174/reviews?hl=en-LU
"Food, view, drinks all really lovely. Staff were very helpful",5,https://www.google.com/maps/contrib/106038498804202133114/reviews?hl=en-LU
"From the moment you enter the lift that takes you to the 38th floor, you know this is going to be a special place.  My gf and me had a table booked at 6.30 pm in order to catch the whole sunset from the 37th floor restaurant. We ordered the ‚Ä¶",5,https://www.google.com/maps/contrib/118099697899700275655/reviews?hl=en-LU
Go here for the view! The drinks and service is also good,5,https://www.google.com/maps/contrib/113548272791657700412/reviews?hl=en-LU
"Good atmosphere and a nice place to enjoy the sunset over London.  However there is no table service on the 39th floor. I had to clear the table myself and went downstairs at the bar to order. Despite this, I got the automatic 12.5% service charge although I only got 2 beers. This is not a service charge, it‚Äôs a greed tax.",3,https://www.google.com/maps/contrib/109462169910222033007/reviews?hl=en-LU
Good bar with great views of London !,5,https://www.google.com/maps/contrib/103306604534969200237/reviews?hl=en-LU
Good but quite expensive,4,https://www.google.com/maps/contrib/100976137421696330339/reviews?hl=en-LU
Good Cocktails with a great view.,5,https://www.google.com/maps/contrib/110880834668311301947/reviews?hl=en-LU
"Good cocktails, delicious food and amazing view on London is a combination that ensures satisfaction. The problem is that the staff doesn't really pay attention to the guests and try to order something else is really an ordeal that I am not really willing to undertake for flat service charge of 12.5%.",4,https://www.google.com/maps/contrib/101557126289851112822/reviews?hl=en-LU
"Good food, great views",4,https://www.google.com/maps/contrib/112469050856537838940/reviews?hl=en-LU
"Good food, nice place for drinks!",5,https://www.google.com/maps/contrib/113003439351702199140/reviews?hl=en-LU
"Good food, perfect view, excellent service.",5,https://www.google.com/maps/contrib/105106328018552463448/reviews?hl=en-LU
Good fun place. Drinks a bit expensive though...,4,https://www.google.com/maps/contrib/108797638597085615531/reviews?hl=en-LU
Good place to drink and relax to enjoy the sky view,3,https://www.google.com/maps/contrib/113234558356958043231/reviews?hl=en-LU
Good service and food... amazing views,5,https://www.google.com/maps/contrib/103293105389363471175/reviews?hl=en-LU
Good service and great views,5,https://www.google.com/maps/contrib/100039297966436624695/reviews?hl=en-LU
"Good services, nice view",5,https://www.google.com/maps/contrib/105882784476226776438/reviews?hl=en-LU
"Good view and cocktails, service should definitely be better considering the prices.",4,https://www.google.com/maps/contrib/107454294156476411635/reviews?hl=en-LU
gorgeous atmosphere,5,https://www.google.com/maps/contrib/104606019031655480054/reviews?hl=en-LU
Gorgeous venue. Modern stylish with mixed clientele which I favour. Excellent cocktails and bar food good value. It's a fun venue.,5,https://www.google.com/maps/contrib/103129609575655349805/reviews?hl=en-LU
Gorgeous views of the city,5,https://www.google.com/maps/contrib/112251142343860239446/reviews?hl=en-LU
Got to love this place!,5,https://www.google.com/maps/contrib/109830840100183474185/reviews?hl=en-LU
Great,5,https://www.google.com/maps/contrib/110443998749018287853/reviews?hl=en-LU
"Great atmosphere. Great seeing the fireworks without view being obstructed. Great place to ring in the New Year. Nice prosecco too, loved the gold bottles! Thank you for a great evening.",5,https://www.google.com/maps/contrib/112467664161764863278/reviews?hl=en-LU
Great bar and restaurant with amazing views of London,5,https://www.google.com/maps/contrib/117705785229574673095/reviews?hl=en-LU
Great bar for cocktails with a beautiful view of London.,5,https://www.google.com/maps/contrib/108201913478996002033/reviews?hl=en-LU
Great bar with amazing views,4,https://www.google.com/maps/contrib/115640040348295389526/reviews?hl=en-LU
Great bartenders!!,5,https://www.google.com/maps/contrib/112108567383901775182/reviews?hl=en-LU
"Great burger, stunning view",5,https://www.google.com/maps/contrib/117067085610571283078/reviews?hl=en-LU
Great cocktails and even better views,5,https://www.google.com/maps/contrib/103451006902465563634/reviews?hl=en-LU
"Great cuisine, spectacular view.",5,https://www.google.com/maps/contrib/110666997142383186295/reviews?hl=en-LU
"Great dinner with a stunning London view to match. We had the scallop main which was done so well. Coupled with good service, this place is a lovely choice for date night or ladies night. The night even finished off with live music, such a welcome surprise for a Saturday night.",5,https://www.google.com/maps/contrib/112252068344027823560/reviews?hl=en-LU
"Great drinks, amazing decor and an unbelievable view. Hard to get a seat in the evenings and there is no smoking on the roof so you have to go all the way down to the outside of the hotel to smoke but all in all a cool place to see friends or for a date",4,https://www.google.com/maps/contrib/114768043491482564662/reviews?hl=en-LU
"Great environment, great staff, great view. Definitely recommend it",5,https://www.google.com/maps/contrib/106818206344749144536/reviews?hl=en-LU
Great food and service!,5,https://www.google.com/maps/contrib/104931796920695410839/reviews?hl=en-LU
"Great food, great view, great team. What more could you ask for?  Jerome @ Bokan is especially amazing",5,https://www.google.com/maps/contrib/113905571215131186721/reviews?hl=en-LU
"Great food, lovely views and friendly staff. Will definitely go again.",5,https://www.google.com/maps/contrib/109058628378620663405/reviews?hl=en-LU
Great food. Terrific ambience.,5,https://www.google.com/maps/contrib/112297971142851687092/reviews?hl=en-LU
"Great good, friendly staff and fantastic views over central London. Met some work colleagues here for dinner and had a very pleasant dinner, good choice of food, including catering for a vegetarian in our group. Total price was reasonable based on  what we ate and wine consumed. Would recommend as social or work dinner venue.",5,https://www.google.com/maps/contrib/116792948426974090519/reviews?hl=en-LU
Great location and the rest,4,https://www.google.com/maps/contrib/110817121649348148222/reviews?hl=en-LU
"Great music, great staff.",5,https://www.google.com/maps/contrib/103254631726510666656/reviews?hl=en-LU
"Great night last night, loved the live performance. Very chilled and relaxed vibe. Brilliant views and great service. Will be coming back",5,https://www.google.com/maps/contrib/100126954741237744121/reviews?hl=en-LU
Great panoramic views of London. Indoor and outdoor seating. The outside area has heaters to keep warm in the winter. Drinks are a little expensive but worth it for the view.,5,https://www.google.com/maps/contrib/108230018888882615915/reviews?hl=en-LU
Great Place at 38th floor great breakfast and the Staff was very Gentle and Kindly....,5,https://www.google.com/maps/contrib/101016713507500067422/reviews?hl=en-LU
Great place for a date. Atmosphere is appropriate any time.,5,https://www.google.com/maps/contrib/113933757821174426998/reviews?hl=en-LU
Great place for a drink,5,https://www.google.com/maps/contrib/109494741245511606214/reviews?hl=en-LU
Great place to grab a drink!  One of the best views of London without the crowds!,5,https://www.google.com/maps/contrib/101616999117506299641/reviews?hl=en-LU
Great place with great views!,5,https://www.google.com/maps/contrib/114288354703684008983/reviews?hl=en-LU
Great place with perfection wiew. Expecially at evening.,5,https://www.google.com/maps/contrib/105738609691336923841/reviews?hl=en-LU
Great place!,5,https://www.google.com/maps/contrib/102748091188348449721/reviews?hl=en-LU
"great place, good service, good view",4,https://www.google.com/maps/contrib/100759299528878171327/reviews?hl=en-LU
"Great place, great service. Staff very friendly. Food was delicious. Amazing views. Price was little  it dear but it was worth it. It's a definitely place for celebration. Would definitely go back there.",5,https://www.google.com/maps/contrib/117919751435138580121/reviews?hl=en-LU
Great rooftop bar with beautiful views of London. Nice cocktails and good wine options as well. Highly recommend!,5,https://www.google.com/maps/contrib/102811524813907050023/reviews?hl=en-LU
Great rooftop to enjoy the panoramic view of london! The decoration is great and we enjoyed a really good time with a concert inside.,5,https://www.google.com/maps/contrib/109635790367859998779/reviews?hl=en-LU
Great service by Angelita ! Lovely place !,5,https://www.google.com/maps/contrib/116884152540600642941/reviews?hl=en-LU
Great service with an amazing view,4,https://www.google.com/maps/contrib/102853777711936753469/reviews?hl=en-LU
"Great service, food & views. Recommend reservations for getting a table",5,https://www.google.com/maps/contrib/111182432655198168976/reviews?hl=en-LU
"Great service, very tasty food, beautiful view! You may see London eye and bridge from up there. Quite loud music, but this is such place :) full of people eve in the middle of the week.",5,https://www.google.com/maps/contrib/118098181920906471392/reviews?hl=en-LU
Great spot for views. Nice cocktails and cool music. Good place for romantic dates :),5,https://www.google.com/maps/contrib/117339062394915799381/reviews?hl=en-LU
Great view,5,https://www.google.com/maps/contrib/115139357893924058873/reviews?hl=en-LU
"Great view and good service . Have been here many times ,would definitely recommend it.",5,https://www.google.com/maps/contrib/105608285753809263827/reviews?hl=en-LU
Great view and nice atmosphere,4,https://www.google.com/maps/contrib/106452178454868965994/reviews?hl=en-LU
Great view and service. Very well looked after.,5,https://www.google.com/maps/contrib/114522695025455295169/reviews?hl=en-LU
Great view and tasty food,5,https://www.google.com/maps/contrib/100968750645858565105/reviews?hl=en-LU
Great view and very approachable staff,5,https://www.google.com/maps/contrib/114548398968355634593/reviews?hl=en-LU
Great view of London,5,https://www.google.com/maps/contrib/101021875617939194685/reviews?hl=en-LU
Great view over the Thames towarfs Shard,4,https://www.google.com/maps/contrib/107283071279693456754/reviews?hl=en-LU
Great view!!,5,https://www.google.com/maps/contrib/114248897395201793634/reviews?hl=en-LU
"Great view, beautiful bar, good service. Perfect place to come for a coffee on a lazy Sunday afternoon",5,https://www.google.com/maps/contrib/118329657524741657766/reviews?hl=en-LU
"Great view, but rather poor service",2,https://www.google.com/maps/contrib/103725651168378825200/reviews?hl=en-LU
"Great view,atmosphere and staff, totally recommend",5,https://www.google.com/maps/contrib/112313055925040969480/reviews?hl=en-LU
Great view. Slow service. Great cocktail,4,https://www.google.com/maps/contrib/116085297037671606711/reviews?hl=en-LU
Great viewa,5,https://www.google.com/maps/contrib/115927472585764893639/reviews?hl=en-LU
Great views,5,https://www.google.com/maps/contrib/113869668994952613261/reviews?hl=en-LU
Great views & lovely atmosphere!,5,https://www.google.com/maps/contrib/112921640938690238583/reviews?hl=en-LU
Great views and atmosphere,4,https://www.google.com/maps/contrib/117566318776905302942/reviews?hl=en-LU
Great views and the host that took us to the table very good. The service otherwise quite bad. Limited menu and the deco remind it me of a gastro pub. I was not impressed with the food. The Nicoise salad did not have any dressing and it was ‚Ä¶,2,https://www.google.com/maps/contrib/117658884203942845537/reviews?hl=en-LU
Great views but expect to wait some time to order a drink!,2,https://www.google.com/maps/contrib/108928798325708716522/reviews?hl=en-LU
Great views but expensive menus. Would definitely recommend for one visit.,5,https://www.google.com/maps/contrib/100505643620037400773/reviews?hl=en-LU
"Great views looking west over to the city, expensive (but you'd expect that), average choice of drinks, poor service.",2,https://www.google.com/maps/contrib/113833617129733170317/reviews?hl=en-LU
Great views!,4,https://www.google.com/maps/contrib/117454930197460360757/reviews?hl=en-LU
"Great views, drink I ordered wasn't to my taste but that's my fault. Lovely staff",4,https://www.google.com/maps/contrib/108311096648797128883/reviews?hl=en-LU
"Great views, however they really need to work on the speed of their service. When we visited there were maybe four or five people ahead of us at the bar, however there was only one bartender serving customers directly at the bar. Given the ‚Ä¶",3,https://www.google.com/maps/contrib/115996262927615967868/reviews?hl=en-LU
Great views. Can be full of Essex girls though and their voices drown out the music.,5,https://www.google.com/maps/contrib/113942110912595571879/reviews?hl=en-LU
Great views. Great service. Really good food. Fine dining style. Probably a little overpriced. Upper floor lounge area looks popular for drinks. Good outdoor space for summer months. Not sure the interior fits the style of dining.,4,https://www.google.com/maps/contrib/116508421176501119420/reviews?hl=en-LU
Great views. Very ¬£¬£¬£,4,https://www.google.com/maps/contrib/104476692753930812352/reviews?hl=en-LU
Great views. Very nice decor. Slightly expensive but worth it atleast for a drink or 2.,4,https://www.google.com/maps/contrib/107550621656407266090/reviews?hl=en-LU
"Half an hour for an order at the bar. As per previous feedback it seems that the service is poor and they don't really listen to customers. Edit : the place was half empty, we stayed at end of the U shaped bar. They served both the other ‚Ä¶",1,https://www.google.com/maps/contrib/118219276584670398460/reviews?hl=en-LU
"Have been coming to Bokan since Novotel opened. Absolutely love the place. A great bar, decent selection of snacks and a good enough Menu. As you'd expect in Canary Wharf, prices are high, so a regular meal here is unlikely. I usually ‚Ä¶",5,https://www.google.com/maps/contrib/112920254086891391083/reviews?hl=en-LU
"I booked a table at this restaurant for my birthday and had a horrible experience. Dinner was okay, but the service was absolutely absurd. I had to ask for another server because the one that I had made uncomfortable remarks, and treated me ‚Ä¶",1,https://www.google.com/maps/contrib/108874188450964971714/reviews?hl=en-LU
"I came back for a visit after few months and I noticed the huge improvement in mood, friendliness and quality service. Peter is a fantastic host, made us feel very welcome, special and made us try some great gins. Pietro the bartender also made our experience, great drinks and experience, I can't wait to come back!",5,https://www.google.com/maps/contrib/115731413305847184441/reviews?hl=en-LU
"I come once in a while during my free time and still believe that this is one of the best hidden roof spots in London. Great staff, one of the best bar menus in London and breathtaking views at anytime or weather. Could not recommended more.",5,https://www.google.com/maps/contrib/108039752120747587649/reviews?hl=en-LU
"I had previously been to the coffee shop here but my friend suggested the roof top bar, which I had no knowledge about. Wow! There were great comfortable seating areas and the views were amazing! We sat outdoors, beneath the heaters, I ‚Ä¶",5,https://www.google.com/maps/contrib/108468383952642361001/reviews?hl=en-LU
"I had some issues with booking a table. Luckily it wasn't to busy and we got a pretty good table. The food was great, but guys it's 2019, 1 vegetarian option is just not enough.  I had a burrata for starter and a risotto for mains which ‚Ä¶",4,https://www.google.com/maps/contrib/115101149771909453199/reviews?hl=en-LU
"I had the most wonderful time there for my birthday, the staff and manager made it really special ....my fav bar in Canary wharf!",5,https://www.google.com/maps/contrib/117684366683298783932/reviews?hl=en-LU
"I have been to Bokan a few times since it opened. Food and drinks are very nice, but whenever I go there is always something that spoils the experience. This weekend we booked this restaurant to celebrate our wedding anniversary.¬† At the ‚Ä¶",4,https://www.google.com/maps/contrib/116162974018644216741/reviews?hl=en-LU
I have not had a chance to eat at Bokan but I have visited a couple of times for drinks. The drinks are like drinks. And much cheaper than the Shard. The views are great. Overlooking Canary Wharf. Also the restrooms have great views. :) There is a terrace on the top floor and it is a great place to enjoy a drink.,5,https://www.google.com/maps/contrib/107880057190370144594/reviews?hl=en-LU
"I honestly cannot believe this place is so highly rated. Went there a couple months ago for drinks and only one of 3 different cocktails I tried wasn‚Äôt terrible. Went again shortly after for food, hoping for a better experience and the ‚Ä¶",2,https://www.google.com/maps/contrib/112165509765453476056/reviews?hl=en-LU
"I love this place for after work drinks. An upbeat atmosphere with stunning views across London and a great drinks selection. It‚Äôs always buzzing but in a relaxing way, not a hyped up boozy way.  Also a great spot for a Sunday morning coffee.  Book for post-work drinks if you want a table with a view",4,https://www.google.com/maps/contrib/103835583405516991280/reviews?hl=en-LU
"I only went to the bar, but the service was brilliant and very friendly. I like my vodka martinis very dry and they were able to get it just right. Highly recommended just for the drinks, let alone the view.",5,https://www.google.com/maps/contrib/118022444907669882383/reviews?hl=en-LU
"I was not able to pay contactless while having a nice date at the 37th floor restaurant!!! They don't allow it!! I had to ask my friends to come and pay for me... Horrendous  Imagine this, you're only living with your mobile phone anytime ‚Ä¶",1,https://www.google.com/maps/contrib/100757146792078930998/reviews?hl=en-LU
I‚Äôm coming here already the second year and they still don‚Äôt get to implement contactless. As a person who only has an iPhone and always pays with Apple Pay with no need for cash or cards I always forget I can‚Äôt come to this place. It‚Äôs at ‚Ä¶,1,https://www.google.com/maps/contrib/102374665199789146907/reviews?hl=en-LU
I‚Äôve been there once and definitely I had the best cocktails ever! Lovely place..lovely music..Staff was nice and friendly!,5,https://www.google.com/maps/contrib/116408878346404062002/reviews?hl=en-LU
If you want to explore London's skyline in a modern and fancy yet not too pretentious  environment with a good cocktail in hand it's a must!,5,https://www.google.com/maps/contrib/101549378424984911758/reviews?hl=en-LU
If you're after a sensational view of London this is it. Bar prices are not cheap but realistically if you're after amazing you pay for it. Gorgeous sunsets and view across the Thames. Restaurant also provides great food (albeit limited ‚Ä¶,5,https://www.google.com/maps/contrib/110269351155945073514/reviews?hl=en-LU
Imaginative cuisine and great service. Expansive view of the city.,5,https://www.google.com/maps/contrib/108900979479639107767/reviews?hl=en-LU
"Impressive view, my cocktail was ok",5,https://www.google.com/maps/contrib/113673727440863521628/reviews?hl=en-LU
In general it is a very nice atmosphere to relax and enjoy your evening with your friends,5,https://www.google.com/maps/contrib/103668063510350557249/reviews?hl=en-LU
Incredible view from terrace.,5,https://www.google.com/maps/contrib/103175387196537578007/reviews?hl=en-LU
Incredible views and great food.,5,https://www.google.com/maps/contrib/103024173942701859788/reviews?hl=en-LU
"Incredible views, delicious drinks and amazing interior.",5,https://www.google.com/maps/contrib/107568402453111745852/reviews?hl=en-LU
"Incredible views, great food and drink, though staff needs more training",4,https://www.google.com/maps/contrib/102958112879936908285/reviews?hl=en-LU
It is amazing site.,4,https://www.google.com/maps/contrib/106220838399237861217/reviews?hl=en-LU
It was a wonderful experience the view from the rooftop was amazing very enjoyable evening loved every minute of its the food was exceptional and the service was excellent very friendly staff,5,https://www.google.com/maps/contrib/102297885052492847252/reviews?hl=en-LU
"It‚Äôs a nice restaurant with stunning views from 37th floor. The service is great, the food was lovely and the atmosphere is very nice. It was a bit difficult to find the place as it is not that close to Canary Wharf underground station. The ‚Ä¶",4,https://www.google.com/maps/contrib/107111896167180028582/reviews?hl=en-LU
It‚Äôs an nice venue to take the miss out . High class bar and the view is amazing,5,https://www.google.com/maps/contrib/108846081352879798144/reviews?hl=en-LU
It's a perfect spot for a sundowner and my friend loved the 'British Maori' cocktail. Staff were friendly and we really enjoyed the live band and funky house music later into the night.,5,https://www.google.com/maps/contrib/100588090039497188206/reviews?hl=en-LU
"It's abolutely amazing place to visit. Place, food, customer service and view out through the window - all fantastic!!! Would come back again and again üòçüëå",5,https://www.google.com/maps/contrib/100252492017533371686/reviews?hl=en-LU
"It's an amazing place to take a dinner over London. The view is breathtaking, the service was very friendly and courteous. We took the chief tasting menu and experienced high class courts with a good variety. Next London will be a must visit again for us.",5,https://www.google.com/maps/contrib/107656071859926257997/reviews?hl=en-LU
It's cream.,5,https://www.google.com/maps/contrib/100781230204183588107/reviews?hl=en-LU
It's not cheap but the food is good and the staff knowledgeable. Excellent views too.,4,https://www.google.com/maps/contrib/103305029855447870443/reviews?hl=en-LU
"Just amazing, speechless",5,https://www.google.com/maps/contrib/108993748603151844576/reviews?hl=en-LU
"Just brilliant! Place is amazing, view is awesome, staff is very friendly, helpful and professional, and food is sophisticated and delicious. If you have a special occasion or just feel like having a fancy dinner, I highly recommend this ‚Ä¶",5,https://www.google.com/maps/contrib/105559296226995232109/reviews?hl=en-LU
"Large choice of cocktails, beautiful panoramic views!!! High recommend!!!",5,https://www.google.com/maps/contrib/110026193377822625756/reviews?hl=en-LU
Love and good intentions.,5,https://www.google.com/maps/contrib/109582992398833608160/reviews?hl=en-LU
Love this place! The view is outstanding.,5,https://www.google.com/maps/contrib/113434153259178200549/reviews?hl=en-LU
"Love view, staff unbelievable helpful and funny. Food/snacks has failed all experience. Hope they will improve",3,https://www.google.com/maps/contrib/108714736062241034814/reviews?hl=en-LU
LOVED IT! The view was ‚Äúwow‚Äù!,5,https://www.google.com/maps/contrib/107772645703397541177/reviews?hl=en-LU
"Loved it, food is brilliant, staff are fantastic, go try it, you won't be disappointed.",5,https://www.google.com/maps/contrib/111401908904363737652/reviews?hl=en-LU
Lovely atmosphere and great views,5,https://www.google.com/maps/contrib/117625943180747550699/reviews?hl=en-LU
Lovely bar,4,https://www.google.com/maps/contrib/101547792479544175713/reviews?hl=en-LU
"Lovely place, great food and amazing view",5,https://www.google.com/maps/contrib/105283402994106540522/reviews?hl=en-LU
Lovely rooftop bar amazing views across the river. Friendly service. Would definitely visit here again.,5,https://www.google.com/maps/contrib/102656984024858450624/reviews?hl=en-LU
Lovely view from the rooftop bar. Great food as well. Perfect for friday night out.,5,https://www.google.com/maps/contrib/108018339543500381180/reviews?hl=en-LU
"Lovely view of the Thames and London city, good food",5,https://www.google.com/maps/contrib/115229533761722590847/reviews?hl=en-LU
Lovely view! Manager was friendly and very attentive.,5,https://www.google.com/maps/contrib/110838093130485175996/reviews?hl=en-LU
"Lovely view, lovely live music(only for weekend) Price is little bit high, but worth it üñ§ Always love to come here P.s My friend drew it ;)",5,https://www.google.com/maps/contrib/107364083688691349188/reviews?hl=en-LU
"Lucky to visit this place - best views, best vibe and best cocktails in the city (imo üòâ)",5,https://www.google.com/maps/contrib/117868632987040631790/reviews?hl=en-LU
Magnificent,5,https://www.google.com/maps/contrib/106635124512459021407/reviews?hl=en-LU
"Make sure you plan in advance as space will a limited, great settitng.",5,https://www.google.com/maps/contrib/115483842329814167915/reviews?hl=en-LU
My boyfriend took me to the restaurant for a birthday meal last night. We were greeted at front of house and after confirming our booking she also confirmed that we had ordered a cake - totally ruining the surprise for me from my boyfriend ‚Ä¶,2,https://www.google.com/maps/contrib/112287198667282110843/reviews?hl=en-LU
"My boyfriend treated me to a free flowing brunch at Bokan 37 for my birthday and the experience was amazing! The staff were all friendly and attentive. The free flowing prosecco was literally ""free flowing"" and the food was great - I highly ‚Ä¶",5,https://www.google.com/maps/contrib/106584432698760959331/reviews?hl=en-LU
"My favourite rooftop bar! So relaxed, comfy, great service and tasty drinks!",5,https://www.google.com/maps/contrib/101601971822044714742/reviews?hl=en-LU
My favourite stay at Canary wharf,5,https://www.google.com/maps/contrib/112029783128226205864/reviews?hl=en-LU
My partner and I had such a great time on Sunday even though it rained. All three levels were great.,4,https://www.google.com/maps/contrib/113793726208983729373/reviews?hl=en-LU
"My partner took me to this restaurant for my birthday ! What can i say absolutely gorgeous views, Amazing Food and attentive staff  ! I loved it i would eat there every time. Yummy :)",5,https://www.google.com/maps/contrib/102242839345623233062/reviews?hl=en-LU
"My wife and I traveled from the States for our honeymoon & started in London. We wanted a European dish and got exactly what we asked for, even though I‚Äôm a pretty picky eater! This restaurant has stunning views of London, from your table ‚Ä¶",5,https://www.google.com/maps/contrib/105455592386542857323/reviews?hl=en-LU
"ncredible experience! I came a few weeks ago with my husband for our anniversary. Very impressed by the quality of the dishes, the prawn starter and the duck for main was stunning, very tasty and unusual..! The lemon tart was also ‚Ä¶",5,https://www.google.com/maps/contrib/105987542975032368900/reviews?hl=en-LU
Nice atmosphere and amazing view from Bokan,5,https://www.google.com/maps/contrib/114647169616759448804/reviews?hl=en-LU
Nice atmosphere and great view! Good value food and drinks too!,5,https://www.google.com/maps/contrib/101003367576663434721/reviews?hl=en-LU
"Nice bar annex restaurant with great views over London. Music in the bar was quite loud,  not ideal for a long conversation. The dinner in the restaurant was excellent. It's possible to have some snacks in the bar as well. Staff is professional and friendly.",4,https://www.google.com/maps/contrib/100151865083560574317/reviews?hl=en-LU
Nice bar with great views. Seems excessive that they charge a 12.5% service charge every time you make an order at the bar.,3,https://www.google.com/maps/contrib/117360025229803920445/reviews?hl=en-LU
"nice bar, friendly staff and fantastic views over London!",5,https://www.google.com/maps/contrib/108789490559892242408/reviews?hl=en-LU
"Nice bar. Great views, always busy best to book table ahead",5,https://www.google.com/maps/contrib/106965881115732215132/reviews?hl=en-LU
Nice place to take a cocktail,5,https://www.google.com/maps/contrib/108387824938239717701/reviews?hl=en-LU
Nice place very nice people,4,https://www.google.com/maps/contrib/101866831022123527086/reviews?hl=en-LU
"Nice place. Food is good, just don't mach the price.",4,https://www.google.com/maps/contrib/117434297731955822514/reviews?hl=en-LU
Nice restaurant with wonderful views,5,https://www.google.com/maps/contrib/102087658401738319016/reviews?hl=en-LU
Nice roof top,4,https://www.google.com/maps/contrib/114312893205852196363/reviews?hl=en-LU
Nice rooftop,5,https://www.google.com/maps/contrib/101222296523009265487/reviews?hl=en-LU
"Nice setting and great views of the city, but offensively small cocktails served in either champagne flutes or tiny cocktail glasses at ¬£12! Understaffed bar on Saturday night and intermittent table service meant we had a long wait for drinks at the bar.",3,https://www.google.com/maps/contrib/110763516304262865396/reviews?hl=en-LU
Nice space. Service could be better.,4,https://www.google.com/maps/contrib/104618624026082210263/reviews?hl=en-LU
Nice venue!,5,https://www.google.com/maps/contrib/103091526189388277475/reviews?hl=en-LU
Nice view,4,https://www.google.com/maps/contrib/106012285206311368422/reviews?hl=en-LU
Nice view and cosy. Excellent place to chill with company of friends.,5,https://www.google.com/maps/contrib/100816595148506797746/reviews?hl=en-LU
Nice view of the city. Particularly at night.,5,https://www.google.com/maps/contrib/104024172834234679419/reviews?hl=en-LU
Nice view towards the city!,5,https://www.google.com/maps/contrib/117623185664229141776/reviews?hl=en-LU
Nice view!,5,https://www.google.com/maps/contrib/109152096972950884597/reviews?hl=en-LU
"Nice view, quick service, good place for a few drinks",4,https://www.google.com/maps/contrib/117223310573045776704/reviews?hl=en-LU
Nice views of London. Good cocktails!,4,https://www.google.com/maps/contrib/112884928349994950030/reviews?hl=en-LU
"Nice views, good drinks. On the expensive side !",5,https://www.google.com/maps/contrib/102286223843541464048/reviews?hl=en-LU
No bitter,2,https://www.google.com/maps/contrib/109824047085356641498/reviews?hl=en-LU
Not great gin and tonic at all! But great views and good music,4,https://www.google.com/maps/contrib/116625025200251818945/reviews?hl=en-LU
"Not much to say, as I enjoyed my day, vievs, company and of course the food",5,https://www.google.com/maps/contrib/105149150688768285496/reviews?hl=en-LU
Ohh very very beautiful sights To see from the rooftop drinks are pricey but well worth it.,5,https://www.google.com/maps/contrib/101381668375922102148/reviews?hl=en-LU
Ok night out.,4,https://www.google.com/maps/contrib/111633705611884959431/reviews?hl=en-LU
"Okay, bar service slow.",4,https://www.google.com/maps/contrib/106140372483778834946/reviews?hl=en-LU
One of my favourite place,4,https://www.google.com/maps/contrib/114749109989127874240/reviews?hl=en-LU
One of my favourite place in London. Stunning view,5,https://www.google.com/maps/contrib/100495255036587650533/reviews?hl=en-LU
One of my favourite rooftops in London.,5,https://www.google.com/maps/contrib/100836195701070821662/reviews?hl=en-LU
"One of the best city views in the whole of London, sprawled across two floors and an open air, large rooftop balcony again with the amazing skyline city view and it‚Äôs own bar- can easily spend a whole evening here",5,https://www.google.com/maps/contrib/111817731916960937686/reviews?hl=en-LU
"One of the best view in London, of London. Really friendly staff with great service. The cocktails were very good and the food was incredible! Highly recommend. Nice atmosphere, pretty vibrant yet relaxing with live music in the bar area.",5,https://www.google.com/maps/contrib/105873797041164295927/reviews?hl=en-LU
One of the best views in London.,5,https://www.google.com/maps/contrib/105339184126671944286/reviews?hl=en-LU
One of the best views in the city,5,https://www.google.com/maps/contrib/102435393851510707846/reviews?hl=en-LU
"One of your bouncers/security men was so rude to my partner and I. We showed up, instructed the lady at the door about our reservation, she went to check if the table was ready, and he approached us and  verbatim ‚ÄòWhat do you want? Why are you standing here?‚Äô. It was so confrontational and rude.",1,https://www.google.com/maps/contrib/102289300968801808233/reviews?hl=en-LU
Outstanding views and outstanding food. Loved it! One of my best meals ever.,5,https://www.google.com/maps/contrib/108177958646581525386/reviews?hl=en-LU
Overpriced. But clean and professional,3,https://www.google.com/maps/contrib/102079800897234511337/reviews?hl=en-LU
Perfect location for a wonderful time. It is homely and nice to be there. The drinks are great and the staff are competend,5,https://www.google.com/maps/contrib/117749790101618876758/reviews?hl=en-LU
Perfect place,5,https://www.google.com/maps/contrib/116447080755629536930/reviews?hl=en-LU
Perfect view but overpriced... Food fantastic and very good service,4,https://www.google.com/maps/contrib/104942519497936883997/reviews?hl=en-LU
Perfect view from the rooftop,5,https://www.google.com/maps/contrib/115456314236003618551/reviews?hl=en-LU
"Poor customer service / proposition - booked for a brunch, which turned out to be Mother's Day, all fine, until I receive an email saying, oh actually it's a set menu and it's ¬£75 a head, for brunch! Haha - no thanks I prefer to spend my money on less greedy restaurateurs or at least ones that can justify that price.",1,https://www.google.com/maps/contrib/100265273204898988496/reviews?hl=en-LU
"Pretty decent view and atmosphere. Service was great. The price is just the London price tag, so it's expected to be expensive, I had a glass of Rioja for ¬£11 but the quality is good enough. If you are looking for a quick drink near the offices then it's a good choice with a view.",5,https://www.google.com/maps/contrib/107668166576316250086/reviews?hl=en-LU
"Really disappointed! We had their tasting menu and it was not as good as the previous ones we‚Äôve had in the past. Maybe they have a new chef? Or have they become quite popular that they went for quantity over quality? Honestly, the only ‚Ä¶",1,https://www.google.com/maps/contrib/109068997637724244565/reviews?hl=en-LU
Really good atmosphere .nice energy and vibes beautiful view you can see almost all london .,5,https://www.google.com/maps/contrib/100471671305421319799/reviews?hl=en-LU
Really nice meal. Unsurprisingly the views were spectacular. All the staff were very knowledgeable and polite. Definitely worth a visit although prices did seem a bit steep although I guess you are paying for the surroundings/ experience as well as the food and drink.,5,https://www.google.com/maps/contrib/116506142960653148134/reviews?hl=en-LU
Really nice place a bit expensive but you are paying for the view (which is great even in the toilets hahaha) - service was good,4,https://www.google.com/maps/contrib/110785847258166006156/reviews?hl=en-LU
"Really nice place to chill. We had a bottle of rose, which we very enjoyed. Also the view was amazing, with comfy sofas. Reccommend!",5,https://www.google.com/maps/contrib/112418274762253449223/reviews?hl=en-LU
Really nice place whit an amazing view and friendly staff!Recommended,5,https://www.google.com/maps/contrib/101772422493816580688/reviews?hl=en-LU
Really nice place...nice relaxed atmosphere and great customer service,5,https://www.google.com/maps/contrib/102652832614318759956/reviews?hl=en-LU
Restaurant located on the top floors of Novotel Canary Wharf. The decoration is modern and the views of London are amazing. The service was very nice and the food excellent.,5,https://www.google.com/maps/contrib/101647754043293940280/reviews?hl=en-LU
Roof terrace is great! Stunning views recommend it,5,https://www.google.com/maps/contrib/100480746570615730024/reviews?hl=en-LU
"Rooftop bar in Canary Wharf with a beautiful view of London and live music on Saturdays. Prices are not too bad apart from ¬£5 for a simple hot chocolate, so don‚Äôt order it, it is not worthy the money. If you want to have a table with a ‚Ä¶",4,https://www.google.com/maps/contrib/113775459254684212827/reviews?hl=en-LU
"Rooftop bar with a great view. Cocktails are pretty good and, depending on the staff member you get, service can be decent.",5,https://www.google.com/maps/contrib/103302908113074389026/reviews?hl=en-LU
Sensational place for a business lunch in CW. Great views across London,5,https://www.google.com/maps/contrib/104224772937929118146/reviews?hl=en-LU
"Service can be hit and miss, and drinks a bit pricey but good nonetheless and such gorgeous views. Good rooftop spot to enjoy a drink in the summer. Very Instagrammable, if that's your kind of thing.",4,https://www.google.com/maps/contrib/114928220046125771114/reviews?hl=en-LU
service hit and miss but beautiful views,4,https://www.google.com/maps/contrib/108034962659637379944/reviews?hl=en-LU
"Service very good !!!View absolutely incredible!!! Food not at all !!! I eat lobster with absolute burn taste In few hours after , I have to take some stomach pills , I feel sick , and still now this Taste of burn in my mouth  Also I had a ‚Ä¶",1,https://www.google.com/maps/contrib/102501891432120888149/reviews?hl=en-LU
So delicious!!! Loved it all! Staff are super friendly and attentive too. Great for a date,5,https://www.google.com/maps/contrib/114430198966099832863/reviews?hl=en-LU
So nice!,5,https://www.google.com/maps/contrib/102313198794687303714/reviews?hl=en-LU
Some of the best views in London! !,5,https://www.google.com/maps/contrib/114073438292593094655/reviews?hl=en-LU
Sorry,5,https://www.google.com/maps/contrib/111952436133658690816/reviews?hl=en-LU
Spectacular,5,https://www.google.com/maps/contrib/101485092334247499662/reviews?hl=en-LU
Spectacular views and decent drinks.,5,https://www.google.com/maps/contrib/100859662487385195917/reviews?hl=en-LU
Splendid,5,https://www.google.com/maps/contrib/115383425907350912553/reviews?hl=en-LU
Spotted this place whilst staying at neighbouring hotel in the Docklands area and thought we'd give it a go on a Saturday night. We were lucky enough to get a table to enjoy the magnificent views over London. It's a perfect spot for a ‚Ä¶,5,https://www.google.com/maps/contrib/104438780745180087893/reviews?hl=en-LU
Staff - please stop chatting and start serving 12.5% #decentviewthough,2,https://www.google.com/maps/contrib/106481294524603511584/reviews?hl=en-LU
Staff are good. Music is extremely loud. Food in our case was dry.,3,https://www.google.com/maps/contrib/100987929579257101443/reviews?hl=en-LU
"Stayed at the Novotel hotel in Canary Wharf ,went upstairs for a late drink and food ,great view's and a great night",4,https://www.google.com/maps/contrib/117992563891483033106/reviews?hl=en-LU
Stunning place.. came here on Friday eve with 4 friends.. food was lovely.. left feeling full. Afterwards we took in the views without being rushed out of the place. The views were totally amazing.even in the toilets..would deffo go back for a special occasion.. the only criticism is that it was a tad expensive.,4,https://www.google.com/maps/contrib/104001980075123335492/reviews?hl=en-LU
"stunning skyline,good service,excellent drinks",5,https://www.google.com/maps/contrib/106453454646347858728/reviews?hl=en-LU
"Stunning view over London. Could improve seating arrangements since there were many ""reserved"" seats with no-one turning up for them. Love the toilets!",4,https://www.google.com/maps/contrib/100121767255884029206/reviews?hl=en-LU
Stunning views from here but food is disappointing and very expensive,3,https://www.google.com/maps/contrib/102451563846109229903/reviews?hl=en-LU
Such a beautiful place especially on a summers day. Rooftop views are nice and scenic. On a weekday it‚Äôs quiet so there‚Äôs opportunity to take pictures and not crowded. The cocktails were really nice but quite pricy as you may imagine. A nice hidden place that is just a short walk from Canary Wharf. I would like to come back again!,4,https://www.google.com/maps/contrib/109067874971786605310/reviews?hl=en-LU
Such a lovely place!,5,https://www.google.com/maps/contrib/100392957781120483180/reviews?hl=en-LU
Super !,5,https://www.google.com/maps/contrib/117448369814582440290/reviews?hl=en-LU
Superb,5,https://www.google.com/maps/contrib/105066423768672338856/reviews?hl=en-LU
Superb cutsomer service! Five star views! And economical reasonably considering!,5,https://www.google.com/maps/contrib/109688130034333423908/reviews?hl=en-LU
"Superb restaurant and ambience!!  Eaten here 10 occasions, and is fabulous every time!!",5,https://www.google.com/maps/contrib/110034872796422837650/reviews?hl=en-LU
Superb...amazin lively place..fantastic view,5,https://www.google.com/maps/contrib/107388729627243038824/reviews?hl=en-LU
"Surprisingly, the food is excellent. If you are going just for a drink at the terrace, be advised that there is no service - which is also surprising",5,https://www.google.com/maps/contrib/101096792501637557752/reviews?hl=en-LU
Terrible experience. An evening with a business client turned out to be a complete disaster. No less. Will never bring colleagues or business partners to this place again. Very disappointing service.,1,https://www.google.com/maps/contrib/107417180240856395362/reviews?hl=en-LU
"The atmosphere and the view is just amazing. However, there is a lot of point that It did not make me feel comfortable. 1) Not very good organised, we gave our name four times to their staff. They did not look much coordinated to manage our ‚Ä¶",2,https://www.google.com/maps/contrib/114508797338795373029/reviews?hl=en-LU
The bartender ‚ÄòNick‚Äô is extremely rude and unwelcoming. Because of him I won‚Äôt be going back,2,https://www.google.com/maps/contrib/117882715602984229509/reviews?hl=en-LU
The best rooftop in UK üá¨üáß,5,https://www.google.com/maps/contrib/114338575219148137257/reviews?hl=en-LU
The best Sweet Manhattan in Canary Wharf. Ask Adam for secret ingredients.,5,https://www.google.com/maps/contrib/107727107706300983850/reviews?hl=en-LU
The best view from Canary wharf,5,https://www.google.com/maps/contrib/105176159016734095128/reviews?hl=en-LU
The best view in London. Kind Regards!,5,https://www.google.com/maps/contrib/104377393885657969350/reviews?hl=en-LU
"The best view on canary. Walk-in breakfast for ¬£25 if you are not staying at Novotel. Not that great, for that amount of money I would expect at least smoked salmon available. However there was good selection of cheese and tasty ‚Ä¶",5,https://www.google.com/maps/contrib/106196615810741259968/reviews?hl=en-LU
The chef is a genius and the view is wonderful.,5,https://www.google.com/maps/contrib/103481864631740751360/reviews?hl=en-LU
"The cocktails were delicious, the service was amazing and I love the place and great ambience.",5,https://www.google.com/maps/contrib/117693725120093852000/reviews?hl=en-LU
"The food, the wine, the service and the place are exceptional. I couldn‚Äôt find anything that we didn‚Äôt like or enjoy. We had the tasting menu with an incredible view. A fantastic place to treat yourself or impress someone. Completely worthy and 300% recommendable.",5,https://www.google.com/maps/contrib/108217877095099698346/reviews?hl=en-LU
"The place is beautiful, I've been to the cafe and rooftop and the view is great. Pricing is reasonable and drinks are pretty interesting. I have to admit though the table service was lacking. Quick in serving drinks, but incredibly slow in ‚Ä¶",5,https://www.google.com/maps/contrib/114012898954081268133/reviews?hl=en-LU
The place looks great and the view is amazing. The prices are a bit on the high side which I would expect however the reason I can't give 5 stars is because a 12.5% tip is automatically added to the bill even if you are just ordering a beer at the bar!,4,https://www.google.com/maps/contrib/105811699308022462186/reviews?hl=en-LU
The Popstar is amazing,5,https://www.google.com/maps/contrib/111441973720412421984/reviews?hl=en-LU
"The staff are good. The food was very basic and over priced my chicken was raw üôÇü§Æand they brought it back over cooked. The cocktails were average, bitter tasting at first needed a re shack and voil√† they tasted alright. View are views not bad, better than duck and waffle üëÄ",2,https://www.google.com/maps/contrib/107685871801428512442/reviews?hl=en-LU
The terrace on the 39th floor offers one of the best views of London. Thames during sunset looks üî•,5,https://www.google.com/maps/contrib/107389822675004369835/reviews?hl=en-LU
the view,5,https://www.google.com/maps/contrib/102632355423663523504/reviews?hl=en-LU
The view is amazing. The food and drinks are good quality but not cheap.,5,https://www.google.com/maps/contrib/115748249622766105962/reviews?hl=en-LU
The view is amazing. The service is great. It has very good choice of spirits. Defenetly recommend.,5,https://www.google.com/maps/contrib/108330130958051123855/reviews?hl=en-LU
"The views are wonderful and the bar and terrace are great places to hang out. The restaurant is a different story. Despite our reservation, we were kept one hour waiting for a table. The person seemingly in charge introduced himself as Coco ‚Ä¶",2,https://www.google.com/maps/contrib/101839565076183162114/reviews?hl=en-LU
The views make it almost worth the cost of drinks and service,5,https://www.google.com/maps/contrib/104236341173945959013/reviews?hl=en-LU
"They didn't make the cocktail correctly, leaving out one of the ingredients. When I asked where was the missing ingredient there was no apology and a statement that the bar must have run out of it. They then just walked off! Incredibly rude ‚Ä¶",1,https://www.google.com/maps/contrib/117342094214696637767/reviews?hl=en-LU
They have the best coctails and the views are amazing,4,https://www.google.com/maps/contrib/104646359226009633566/reviews?hl=en-LU
"This bar is so beautiful with incredible views, great drinks, great atmosphere. But please, fix the service at the bar! Waited 30 mins for a drink. Bar staff were serving totally out of turn. We literally bought one bottle of prosecco (¬£55 ‚Ä¶",2,https://www.google.com/maps/contrib/107956024173216144903/reviews?hl=en-LU
"This place is awesome and the reason why I think that is because of the people who's working there. We had the pleasure to meet a bartender named Alex, who with his professionalism and a big smile on this face turned our bad day into an awesome evening. I strongly recommend this place - is the best place in town.",5,https://www.google.com/maps/contrib/101207442020056873630/reviews?hl=en-LU
This place is great and worth a visit for the great views it has a good bar selection and good bar staff. Staff are friendly and helpful. Wrap up if you're going to the roof terrace in winter though.,5,https://www.google.com/maps/contrib/100102078103148599397/reviews?hl=en-LU
This restaurant is advertised to be a Mediterranean restaurant however the dishes are international. Disappointing.,1,https://www.google.com/maps/contrib/114277747251706415692/reviews?hl=en-LU
"Too much Time to wait, not enough staff",1,https://www.google.com/maps/contrib/105136285277847808417/reviews?hl=en-LU
"Top floor bar with stunning views (even views from the bathroom's ceiling to floor windows!). I have been here numerous times. The drinks are a bit overpriced and the downside is, you are sort of made to sit at a table and get table ‚Ä¶",5,https://www.google.com/maps/contrib/106805490655260748426/reviews?hl=en-LU
Top notch personable service at the bar which serves a wide selection of cocktails. Amazing views of London from the rooftop. Would recommend!,5,https://www.google.com/maps/contrib/115215789706415842724/reviews?hl=en-LU
Top place to go for a drink,5,https://www.google.com/maps/contrib/106771469153134637803/reviews?hl=en-LU
"Truly, one of the special places in the area. The views are amazing even from the WC and everything else is top notch.",5,https://www.google.com/maps/contrib/117091618074875519916/reviews?hl=en-LU
Two star as there were no tables as reserved apart from an area on the second level where we and three other groups were sitting until after about two hours we were told by security we shouldn't be sitting there. Funny as other guards and staff has seen us several times and said nothing.,2,https://www.google.com/maps/contrib/112280587583666369527/reviews?hl=en-LU
Unbelievable food and we were sat next to the window which gave us a panoramic view to die for. Wonderful service as well,5,https://www.google.com/maps/contrib/115149359176874118819/reviews?hl=en-LU
Venue wise: A great place for a view if london at a distance. Upstairs make a great group gathering.  Food: they are pretty innovative and so will only suit certain ppl‚Äôs taste. I ordered the beef which i was slightly disappointed with as ‚Ä¶,4,https://www.google.com/maps/contrib/114719015798055563997/reviews?hl=en-LU
Very bad service...nice view,2,https://www.google.com/maps/contrib/114052962792605427842/reviews?hl=en-LU
Very beautiful view üòç,5,https://www.google.com/maps/contrib/107528533374048148077/reviews?hl=en-LU
Very characteristic place where you can admire the city from one of the highest rooftop! Don‚Äôt miss the sunset! Cocktails are nice and refined!,5,https://www.google.com/maps/contrib/105903203522768206752/reviews?hl=en-LU
"Very good service, cosy environment, bird's eye views of Isle of Dogs. Highly recommended for cocktails or coffee in the morning.",5,https://www.google.com/maps/contrib/114245744510323212980/reviews?hl=en-LU
"Very herlpful and friendly staff, especially a waitress called Deva. Would totally recommend it.",5,https://www.google.com/maps/contrib/113023223673093854651/reviews?hl=en-LU
Very nice,5,https://www.google.com/maps/contrib/107646140898938833830/reviews?hl=en-LU
Very nice,5,https://www.google.com/maps/contrib/111745091019620932023/reviews?hl=en-LU
"Very nice bar on the 39th floor. Feels pretty high up there and a great view over South West London. Nice decor and not too busy after work in the week. Fair price drinks (same price as others around there), ¬£5 -¬£7 bottles of beer",5,https://www.google.com/maps/contrib/102495248649467395439/reviews?hl=en-LU
"Very nice evening, had a nice drink in the bar before sitting down in the restaurant for dinner. The wine chap was very knowledgeable to suit our dinner choices. Shame the bar tables were full after our meal but we enjoyed finishing the wine with the views of the city. Good option for canary wharf!",5,https://www.google.com/maps/contrib/112735721800801576728/reviews?hl=en-LU
Very nice experience. Good service friendly stuff,5,https://www.google.com/maps/contrib/103384889848515536722/reviews?hl=en-LU
"Very nice place, awesome view, nice atmosphere. But expansive prices and very slow staff...",4,https://www.google.com/maps/contrib/102746660238004601671/reviews?hl=en-LU
"Very nice rooftop bar open to the public not just hotel guests, with stunning views of Canary Wharf and the City. Bar prices are high but that's expected for this sort of location",5,https://www.google.com/maps/contrib/116118773780177101652/reviews?hl=en-LU
Very nice spot to be and eat,5,https://www.google.com/maps/contrib/112075942743710543114/reviews?hl=en-LU
"Very nice staff and good service, but compared to a year ago the food was quite disappointing. The food was not exciting at; neither very nicely composed nor very well executed. Now the only reason to eat here is the view. That's sad",3,https://www.google.com/maps/contrib/100259266920704623491/reviews?hl=en-LU
Very nice view from the top roof. Very nice waitress and waiters. A good place to have a drink or snack.,4,https://www.google.com/maps/contrib/118351975770969813220/reviews?hl=en-LU
"Very nice, very good food and excellent service. Kind of agree that the service is slow, but the people serving was very nice. The view is of course excellent!",5,https://www.google.com/maps/contrib/100274913752274250765/reviews?hl=en-LU
View is grate and the drinks even better,4,https://www.google.com/maps/contrib/100322624036536609320/reviews?hl=en-LU
"View is great, food is not the best though. Drinks are made well and service is excellent.",4,https://www.google.com/maps/contrib/111448489835863708230/reviews?hl=en-LU
"Views were amazing. Bit on the expensive side. Staff in the outside bar really weren‚Äôt into it on the day we were there. Once we found a table inside it was a bit better. Took ages for some of our food order to come to the table, we chased it a couple times, but the guy just wandered off to check & never came back.",3,https://www.google.com/maps/contrib/106532913282838303951/reviews?hl=en-LU
Visited here in Sept with my son so that we could experience the views from the bar and we were not disappointed. Staff are courteous and friendly. We ordered a couple of drinks but they also do some light bites that did look really nice. ‚Ä¶,5,https://www.google.com/maps/contrib/101994335378927654853/reviews?hl=en-LU
"Want twinkly views, slick decor and drinks that don't cost the earth? Come here üí´  Fantastic rooftop and ambience, with very charming staff who seem genuinely pleased to work there.  Follow @thismodeleatsalot on FB/Instagram!",5,https://www.google.com/maps/contrib/110627011507159417030/reviews?hl=en-LU
"Was not completely sold on the compliments taster before our meal but thanks to the chef anyway - our starter, main course and dessert was absolutely lovely üòä",5,https://www.google.com/maps/contrib/117157626922013479943/reviews?hl=en-LU
Was not impressed with their breakfast buffet. Staff was good but there was little they could do to overall experience with the variety of dishes in budget being just too less.,3,https://www.google.com/maps/contrib/115457361796984616064/reviews?hl=en-LU
Wasn't sure whether the food here was good or not but took a risk and it did pay off! We opted for the 3 course brunch menu and the food was definitely with the money. Not too ponsy and pretentious and tasted the part. The waiter Morgana or ‚Ä¶,5,https://www.google.com/maps/contrib/102372699370238550302/reviews?hl=en-LU
"We booked at the Novotel Canary Wharf after it had been recommmended by a trusted friend as a fun and chic place to be. We arrived Friday, had a smooth check in, went up to the bar and we were highly impressed by the views and the interiors ‚Ä¶",5,https://www.google.com/maps/contrib/113249983255392322496/reviews?hl=en-LU
"We had an amazing time at Bokan today for our wedding brunch. The team was very helpful, smiling and service was perfect. A day we will remember dearly thanks to the Bokan team!",5,https://www.google.com/maps/contrib/117728575908247413717/reviews?hl=en-LU
"We have been visiting Bokan yesterday the 15th of February.we had the best service ever.we all felt very welcome.the lady who was looking after us at the restaurant,her name Ornella, was very professional,polite,informative and very warm ‚Ä¶",5,https://www.google.com/maps/contrib/106879710913172493032/reviews?hl=en-LU
"We haven't been to the Bokan restaurant, but the bar is really impressive with amazing skyline views of London. It offers these breathtaking views, accompanied with good drinks, without being as crowded and pricy as Sky Gardens or the Shard. Highly recommended.",5,https://www.google.com/maps/contrib/111842547324715624912/reviews?hl=en-LU
"We just had some drinks, party of 4, lovely bar however the brunette long hair skinny waitress rolled her eyes every time we ordered a drink and did not said a word to us during the 2 hrs we have been there. Rude behaviour for customer service üôÑ",2,https://www.google.com/maps/contrib/107737827078660904894/reviews?hl=en-LU
"We landed from Scotland yesterday and went to Bokan. First impression: WOW!! Great place and great views. We went to the bar for lunch and were greeted by Pietro who made us feel warm and just like we are still back home, what a lovely man. ‚Ä¶",5,https://www.google.com/maps/contrib/102313247105988734227/reviews?hl=en-LU
We went there for my bd. They took care of us so good in every detail.,5,https://www.google.com/maps/contrib/108551358935329535155/reviews?hl=en-LU
We went to the rooftop bar with my family for having a drink and take our easy dinner after walking around all day. I could say cocktails were fine and the view is amazing to start with some positive points. But about the food I can't say ‚Ä¶,2,https://www.google.com/maps/contrib/104367806881513794588/reviews?hl=en-LU
"Went a couple of weeks ago with a girlfriend. Service was excellent and we were allowed to take our coffees to the rooftop, which had a dramatic view of London. We had the best time and the food was delicious.",5,https://www.google.com/maps/contrib/107479173195079669163/reviews?hl=en-LU
"Went here for my boyfriends birthday. Great views! Food, rose was amazing and service was 10/10. Our waitress was very attentive. Would really recommend this place especially of you are staying at the hotel.",5,https://www.google.com/maps/contrib/112270842797746809942/reviews?hl=en-LU
What a beautiful place and view of London,5,https://www.google.com/maps/contrib/106410845918352462037/reviews?hl=en-LU
What a sight,5,https://www.google.com/maps/contrib/117912494732971678868/reviews?hl=en-LU
What a view. What a fantastic sky bar. Wow.,5,https://www.google.com/maps/contrib/110939005881102768355/reviews?hl=en-LU
"With an enclosed bar on the 38th Floor and an open air Space on the 39 Floor of the Novotel Tower, the Bokan boasts spectacular views of the city of London. Choose from.a variety of bespoke cocktails or settle in for a gin and tonic or a traditional beer... A must visit if you're in the Canary Wharf area.",5,https://www.google.com/maps/contrib/110068037824596092609/reviews?hl=en-LU
Wonderful,5,https://www.google.com/maps/contrib/103468863567610794105/reviews?hl=en-LU
"Wonderful place to spend the evening. Nice views of London. Drinks were overflowing and good food. They have a top rooftop area that was a little chilly, but we stuck to the 38th floor which was warm and cozy. Very nice decor with a ‚Ä¶",5,https://www.google.com/maps/contrib/113815014076183394006/reviews?hl=en-LU
"Wonderful place, nice views and great service by the staff and the manger peter.",5,https://www.google.com/maps/contrib/113761617125580432678/reviews?hl=en-LU
Wonderful views a great bar but a bit on the pricey side,4,https://www.google.com/maps/contrib/108213922201395625173/reviews?hl=en-LU
"Wonderful, as always.",5,https://www.google.com/maps/contrib/117283655540206873992/reviews?hl=en-LU
Worth going,5,https://www.google.com/maps/contrib/114036671907875746332/reviews?hl=en-LU
Worth the elevator trip,5,https://www.google.com/maps/contrib/116830675995082067061/reviews?hl=en-LU
Would highly recommend for either dinner or drinks. Rooftop bar area had great vibes and excellent music. Then on to dinner on the 38th floor with spectacular views across London facing west. Food was top quality to complement the impeccable service. Great for a date night or with a group of friends!,5,https://www.google.com/maps/contrib/111484888652456135539/reviews?hl=en-LU
Wow just went to this restaurant last minute for lunch on a Saturday and would say the food was so good with brillant view of London. The service was excellent and felt like a VIP . Thank so much and will definitely come back .,5,https://www.google.com/maps/contrib/109539535043151023251/reviews?hl=en-LU
"Wow, what a view!!!",5,https://www.google.com/maps/contrib/103022450396701319524/reviews?hl=en-LU
You get a see a fantastic night skyline view of London.,5,https://www.google.com/maps/contrib/106291143204840679484/reviews?hl=en-LU
